ID,IDavtorizovan,FIO,Phone
1,3,Филимонов Марк Максимович,7(497)072-96-78
2,2,Худяков Александр Юрьевич,7(433)819-91-11
3,1,Журавлева Кристина Марковна,7(982)617-60-67
4,2,Виноградов Глеб Ярославович,8 (941) 133-30-23
5,1,Волков Семён Рафаэльевич,7(363)197-38-92
6,3,Попова Виктория Никитична,7(099)062-77-97
7,1,Николаева Арина Георгиевна,7(507)671-11-83
8,2,Мухин Максим Иванович,7(360)223-00-95