ID,Naimenovanie,Opisanie,Price
1,"Книга ""Теремок""",книга,130000
2,Ель искуственная,ель,125000
3,Шампунь для волос,шампунь,220000
4,Диффузор для дома,диффузор,270000
5,Сковорода,кухонная утварь,216000
6,Гирлянда на елку,гирлянда,129000
7,Органайзер для кухни,кухонная утварь,175000
8,Робот пылесос,товар для дома,189000